partial_points,cd,emd
1000,55.96079265594482,25.17663444519043
500,56.25675022125244,25.018778619766234
250,56.67655451774597,25.106768083572387
-1,56.478198986053464,25.099866523742676
