partial_points,cd,emd
1000,69.50359147071839,26.486997117996214
500,69.66549863815308,26.301193885803222
-1,69.14366053581237,26.35575716972351
