{
  "variant": "xyz",
  "checkpoint": "runs/smoke_xyz/checkpoint.pt",
  "emd_points": 128,
  "sweep": {
    "1000": {
      "cd": 69.50359147071839,
      "emd": 26.486997117996214
    },
    "500": {
      "cd": 69.66549863815308,
      "emd": 26.301193885803222
    },
    "default": {
      "cd": 69.14366053581237,
      "emd": 26.35575716972351
    }
  }
}