partial_points,cd,emd
1000,49.533243718147276,26.014216289520263
500,49.82050549983978,26.06863923072815
250,49.96041919231415,26.084061574935912
-1,49.533243718147276,25.963175344467164
