partial_points,cd,emd
1000,44.039241614341734,28.07799036979675
500,44.26023647785187,28.06652629852295
250,44.74643084049225,27.927185525894163
-1,44.094247856140136,28.021920709609986
