partial_points,cd,emd
1000,43.804725193977355,26.795759773254396
500,44.17044226169586,26.995734796524047
250,44.565164332389834,27.041417016983033
-1,43.804725193977355,26.95892384529114
