partial_points,cd,emd
1000,44.80703281402588,28.49133026123047
500,44.25121174812317,28.27973096847534
250,44.56663282394409,28.351672735214233
-1,44.80703281402588,28.344876842498778
