partial_points,cd,emd
1000,49.533243718147276,25.925268592834474
500,49.78898376941681,26.089729318618776
250,50.30248361110687,25.99254325866699
-1,49.533243718147276,26.043904771804808
